target_label,slug,method_name,run_name,n_control_eval,n_perturbed_eval,embedding_dim,epsilon,tau_a,tau_b,rank,evaluation_style,centroid_control_to_perturbed,centroid_bary_to_perturbed,centroid_ratio_bary_to_pert_over_ctrl_to_pert,mmd2_gamma_common_eval,mmd2_control_to_perturbed,mmd2_bary_to_perturbed,mmd2_ratio_bary_to_pert_over_ctrl_to_pert,clf_acc_control_vs_perturbed,clf_auc_control_vs_perturbed,clf_sep_auc_control_vs_perturbed,clf_auc_dist_from_0p5_control_vs_perturbed,clf_acc_bary_vs_perturbed,clf_auc_bary_vs_perturbed,clf_sep_auc_bary_vs_perturbed,clf_auc_dist_from_0p5_bary_vs_perturbed,transport_mass_total,row_mass_min,row_mass_max,col_mass_min,col_mass_max,row_entropy_mean,row_entropy_median,effective_targets_per_source_mean,effective_targets_per_source_median,annot_label_transfer_acc_source_to_target,annot_label_transfer_mean_max_prob,converged,transport_cost,old_separate_bandwidth_mmd2_control_to_perturbed,old_separate_bandwidth_mmd2_bary_to_perturbed,old_separate_bandwidth_mmd2_ratio_bary_to_pert_over_ctrl_to_pert
SMARCE1 KO,SMARCE1_KO,rna_only_pca,rna_only_pca__eps0p001__taua1__taub1,229,57,50,0.001,1.0,1.0,-1,plan_barycenter_common_RNA_PCA_shared_MMD_bandwidth,2.459124803543091,0.00132643966935575,0.0005393950186849502,0.027361187669793948,0.10760354059668831,0.0006400146627432157,0.0059478959446331945,0.8953488372093024,0.9360613810741687,0.9360613810741687,0.4360613810741687,0.2441860465116279,0.08780903665814152,0.9121909633418585,0.41219096334185845,0.9999966845356892,0.00436544232070446,0.004369607660919428,0.017505809545885855,0.017605791401855392,0.19181882966406794,0.002534025309982226,1.2700431173358748,1.0025372386657865,1.0,1.0,True,0.8431757688522339,0.1076079706021241,0.0007174966841653,0.0066676908796861
SMARCE1 KO,SMARCE1_KO,rna_only_pca,rna_only_pca__eps0p001__taua0p95__taub0p95,229,57,50,0.001,0.95,0.95,-1,plan_barycenter_common_RNA_PCA_shared_MMD_bandwidth,2.459124803543091,0.9860506057739258,0.40097623526598997,0.029931465170231167,0.10794007865849276,0.019514844892476013,0.18079331732023507,0.8953488372093024,0.9360613810741687,0.9360613810741687,0.4360613810741687,0.46511627906976744,0.2331628303495311,0.7668371696504689,0.2668371696504689,0.027072655046505672,0.0,0.0012982555018078434,0.0,0.0036002887047673093,0.10596452061647404,0.00020704703562097663,1.144071794987853,1.0002070684713378,1.0,0.9781659388646288,True,0.0381815806031227,0.1076079706021241,0.0205817288136258,0.1912658393096726
SMARCE1 KO,SMARCE1_KO,rna_only_pca,rna_only_pca__eps0p001__taua0p9__taub0p9,229,57,50,0.001,0.9,0.9,-1,plan_barycenter_common_RNA_PCA_shared_MMD_bandwidth,2.459124803543091,1.0223515033721924,0.4157379494929233,0.030139742208279,0.1079358225452064,0.023322677668108582,0.21607912107530772,0.8953488372093024,0.9360613810741687,0.9360613810741687,0.4360613810741687,0.5232558139534884,0.27408354646206307,0.725916453537937,0.22591645353793693,0.002144896201367063,0.0,0.00032761070232506517,0.0,0.0007827537468650314,0.08795370899174683,0.00021810593976072032,1.116973971956116,1.0002181297265904,1.0,0.9781659388646288,True,0.0189763735979795,0.1076079706021241,0.0246359183998476,0.2289413903263536
SMARCE1 KO,SMARCE1_KO,rna_only_pca,rna_only_pca__eps0p003__taua1__taub1,229,57,50,0.003,1.0,1.0,-1,plan_barycenter_common_RNA_PCA_shared_MMD_bandwidth,2.459124803543091,0.002317515667527914,0.0009424148234318375,0.028222597324740712,0.10780057073827631,0.0023080868946498967,0.02141071126843648,0.8953488372093024,0.9360613810741687,0.9360613810741687,0.4360613810741687,0.27906976744186046,0.08056265984654733,0.9194373401534527,0.4194373401534527,0.9999953561391559,0.004365439992398024,0.004367422632129947,0.017497021094554744,0.017627904484202112,0.3750982699453556,0.2236738059580883,1.5809303701373227,1.2506629940671552,1.0,1.0,True,0.8506961464881897,0.1076079706021241,0.0026860305892346,0.0249612605293538
SMARCE1 KO,SMARCE1_KO,rna_only_pca,rna_only_pca__eps0p003__taua0p95__taub0p95,229,57,50,0.003,0.95,0.95,-1,plan_barycenter_common_RNA_PCA_shared_MMD_bandwidth,2.459124803543091,0.8961004018783569,0.364398098293857,0.030504000475008397,0.10791792464318817,0.017028125269718974,0.15778773846902178,0.8953488372093024,0.9360613810741687,0.9360613810741687,0.4360613810741687,0.36046511627906974,0.123614663256607,0.876385336743393,0.37638533674339303,0.25329663993334306,0.0,0.004734931435642867,0.0,0.011667833266296616,0.3479558985339388,0.19646779611399146,1.5230085728601361,1.2170961250221963,1.0,0.9781659388646288,True,0.0937606766819953,0.1076079706021241,0.0187264795064993,0.1740250225119444
SMARCE1 KO,SMARCE1_KO,rna_only_pca,rna_only_pca__eps0p003__taua0p9__taub0p9,229,57,50,0.003,0.9,0.9,-1,plan_barycenter_common_RNA_PCA_shared_MMD_bandwidth,2.459124803543091,0.9671894311904907,0.3933063624086791,0.03100704056258387,0.10787194989682469,0.023479086553676143,0.2176570144150817,0.8953488372093024,0.9360613810741687,0.9360613810741687,0.4360613810741687,0.45348837209302323,0.1764705882352941,0.8235294117647058,0.3235294117647059,0.0835424740059878,0.0,0.002290382439673565,0.0,0.007161469348827595,0.32142195626965375,0.14738758578104416,1.4945027403799211,1.1588030115721353,1.0,0.9781659388646288,True,0.0540844798088073,0.1076079706021241,0.0256493768209509,0.2383594512323663
SMARCE1 KO,SMARCE1_KO,rna_only_pca,rna_only_pca__eps0p01__taua1__taub1,229,57,50,0.01,1.0,1.0,-1,plan_barycenter_common_RNA_PCA_shared_MMD_bandwidth,2.459124803543091,0.005611385218799114,0.0022818627223450665,0.031248609508005273,0.1078413627005298,0.018011018826095793,0.1670140136870443,0.8953488372093024,0.9360613810741687,0.9360613810741687,0.4360613810741687,0.3953488372093023,0.06692242114236999,0.93307757885763,0.43307757885763,1.0000014606247276,0.004366485550679825,0.004367107631438723,0.017419667020985907,0.017594742551749865,1.1035453319386954,1.1276056091862794,3.6114982897719523,3.088253155425661,1.0,1.0,True,0.8738240599632263,0.1076079706021241,0.0241156973497294,0.2241069803174354
SMARCE1 KO,SMARCE1_KO,rna_only_pca,rna_only_pca__eps0p01__taua0p95__taub0p95,229,57,50,0.01,0.95,0.95,-1,plan_barycenter_common_RNA_PCA_shared_MMD_bandwidth,2.459124803543091,0.8090157508850098,0.3289852347954789,0.03279773498573818,0.10752178332324325,0.03068078315110223,0.2853448129563332,0.8953488372093024,0.9360613810741687,0.9360613810741687,0.4360613810741687,0.4069767441860465,0.10230179028132992,0.8976982097186701,0.3976982097186701,0.693966013341627,0.0,0.005667493529264875,4.690457558651092e-34,0.018273436503057527,1.104991015059276,1.1236533727108813,3.567066079955654,3.076071736440062,1.0,0.982532751091703,True,0.177498921751976,0.1076079706021241,0.0394069020115462,0.3662080214973259
SMARCE1 KO,SMARCE1_KO,rna_only_pca,rna_only_pca__eps0p01__taua0p9__taub0p9,229,57,50,0.01,0.9,0.9,-1,plan_barycenter_common_RNA_PCA_shared_MMD_bandwidth,2.459124803543091,0.8549676537513733,0.34767151814317904,0.033634110700949064,0.10726657816184915,0.039063068190997474,0.36416812077343585,0.8953488372093024,0.9360613810741687,0.9360613810741687,0.4360613810741687,0.4418604651162791,0.11508951406649617,0.8849104859335039,0.38491048593350385,0.5079132420250317,0.0,0.006429041550108966,0.0,0.017863499713515987,1.0994251189477033,1.114490495325323,3.5161611423910295,3.048014805698773,1.0,0.9781659388646288,True,0.1307933926582336,0.1076079706021241,0.0501434764123194,0.4659829205191759
YY1 KO,YY1_KO,rna_only_pca,rna_only_pca__eps0p001__taua1__taub1,229,47,50,0.001,1.0,1.0,-1,plan_barycenter_common_RNA_PCA_shared_MMD_bandwidth,0.9440398216247559,0.0010946003021672368,0.0011594853067568233,0.029522105170509644,0.023105958966510465,0.0005151111889145632,0.022293434765514816,0.6626506024096386,0.5973084886128365,0.5973084886128365,0.09730848861283647,0.3132530120481928,0.13198757763975152,0.8680124223602484,0.36801242236024845,0.9999853610864919,0.004359953512903303,0.004367003885286019,0.021234524276645985,0.021313427455111878,0.13315235024373395,1.88487284275692e-05,1.1804403465874134,1.000018848906066,1.0,1.0,True,0.7939279675483704,0.0228362893679274,0.0005357358400549,0.0234598463622276
YY1 KO,YY1_KO,rna_only_pca,rna_only_pca__eps0p001__taua0p95__taub0p95,229,47,50,0.001,0.95,0.95,-1,plan_barycenter_common_RNA_PCA_shared_MMD_bandwidth,0.9440398216247559,0.44275352358818054,0.46899877891397845,0.03185056661961243,0.0238386541701191,0.012092608704581953,0.5072689346590549,0.6626506024096386,0.5973084886128365,0.5973084886128365,0.09730848861283647,0.5301204819277109,0.16614906832298137,0.8338509316770186,0.3338509316770186,0.014639818123312037,0.0,0.0008477747905999422,1.1688254808535421e-09,0.0013554190820148292,0.08115953028431742,3.392614840096869e-07,1.1115349824492715,1.0000003392615415,1.0,0.9781659388646288,True,0.0385565012693405,0.0228362893679274,0.0128077163498644,0.5608492756205958
YY1 KO,YY1_KO,rna_only_pca,rna_only_pca__eps0p001__taua0p9__taub0p9,229,47,50,0.001,0.9,0.9,-1,plan_barycenter_common_RNA_PCA_shared_MMD_bandwidth,0.9440398216247559,0.47535401582717896,0.5035317419227748,0.031784560275164665,0.023819094049419176,0.01295764248284359,0.5440023225047704,0.6626506024096386,0.5973084886128365,0.5973084886128365,0.09730848861283647,0.5542168674698795,0.21739130434782605,0.782608695652174,0.28260869565217395,0.0010527411098939501,0.0,0.00011531704512890428,1.4306583679003787e-16,0.00014945330842443721,0.061281764102073456,1.0018727556549109e-06,1.0781710466050582,1.0000010018732575,1.0,0.9781659388646288,True,0.0189921297132968,0.0228362893679274,0.0137028766534873,0.600048301749601
YY1 KO,YY1_KO,rna_only_pca,rna_only_pca__eps0p003__taua1__taub1,229,47,50,0.003,1.0,1.0,-1,plan_barycenter_common_RNA_PCA_shared_MMD_bandwidth,0.9440398216247559,0.0013295611133798957,0.0014083739720763388,0.03027909144278155,0.02335402609095316,0.0015585852435007208,0.06673732560847324,0.6626506024096386,0.5973084886128365,0.5973084886128365,0.09730848861283647,0.3614457831325301,0.13354037267080743,0.8664596273291926,0.36645962732919257,0.9999910496859914,0.004363793866219843,0.004366872367267419,0.021190079990489063,0.021321298773977752,0.24774792636987214,0.055832287302280244,1.3545793375099242,1.0574203260489534,1.0,1.0,True,0.8012508153915405,0.0228362893679274,0.0016645872979578,0.072892196763615
YY1 KO,YY1_KO,rna_only_pca,rna_only_pca__eps0p003__taua0p95__taub0p95,229,47,50,0.003,0.95,0.95,-1,plan_barycenter_common_RNA_PCA_shared_MMD_bandwidth,0.9440398216247559,0.3606319725513458,0.38200928000121226,0.03218223947337534,0.023935916010792258,0.01058251696584056,0.4421187374265978,0.6626506024096386,0.5973084886128365,0.5973084886128365,0.09730848861283647,0.46987951807228917,0.14182194616977226,0.8581780538302277,0.3581780538302277,0.2009065586013376,0.0,0.0034679671168930445,7.245473912200748e-05,0.008894813348169512,0.19770556950270593,0.027705513718175062,1.2819852387207795,1.0280928805880507,1.0,0.9781659388646288,True,0.0984802618622779,0.0228362893679274,0.0113189988546975,0.4956584089617719
YY1 KO,YY1_KO,rna_only_pca,rna_only_pca__eps0p003__taua0p9__taub0p9,229,47,50,0.003,0.9,0.9,-1,plan_barycenter_common_RNA_PCA_shared_MMD_bandwidth,0.9440398216247559,0.4191577434539795,0.44400430347586495,0.03257217210470851,0.024048102135368343,0.013603010326587284,0.5656583729566287,0.6626506024096386,0.5973084886128365,0.5973084886128365,0.09730848861283647,0.5301204819277109,0.15320910973084886,0.8467908902691511,0.3467908902691511,0.05352922494328005,0.0,0.0019498210300569305,2.7576193724973296e-07,0.003788762485716508,0.18601932468174662,0.021479024961481685,1.2636215839509792,1.0217113596775045,1.0,0.9781659388646288,True,0.0551132149994373,0.0228362893679274,0.014644039469861,0.6412617756730619
YY1 KO,YY1_KO,rna_only_pca,rna_only_pca__eps0p01__taua1__taub1,229,47,50,0.01,1.0,1.0,-1,plan_barycenter_common_RNA_PCA_shared_MMD_bandwidth,0.9440398216247559,0.0008482119301334023,0.0008984916851002882,0.03269861783225254,0.02408398669351164,0.009405258872844713,0.39051918573674277,0.6626506024096386,0.5973084886128365,0.5973084886128365,0.09730848861283647,0.43373493975903615,0.09730848861283643,0.9026915113871635,0.4026915113871636,1.0000015895313048,0.0043667931133347625,0.004367273050778664,0.02122802325577574,0.021295804829063,0.6823975700830157,0.6673652513206689,2.240114437893401,1.9490951735436137,1.0,1.0,True,0.8249521255493164,0.0228362893679274,0.0109179909457994,0.4780982921478172
YY1 KO,YY1_KO,rna_only_pca,rna_only_pca__eps0p01__taua0p95__taub0p95,229,47,50,0.01,0.95,0.95,-1,plan_barycenter_common_RNA_PCA_shared_MMD_bandwidth,0.9440398216247559,0.21127189695835114,0.22379553501751445,0.03403022312234221,0.02444759443434963,0.0172301171476269,0.7047776088521025,0.6626506024096386,0.5973084886128365,0.5973084886128365,0.09730848861283647,0.4939759036144578,0.10973084886128363,0.8902691511387164,0.39026915113871635,0.6408937335507985,0.0,0.004747757183991046,0.003891765057954856,0.02041813076288494,0.6649273048081655,0.64564252835614,2.1939372374985133,1.9072120735053477,1.0,0.9781659388646288,True,0.1927775740623474,0.0228362893679274,0.0201072677713262,0.8804962771038428
YY1 KO,YY1_KO,rna_only_pca,rna_only_pca__eps0p01__taua0p9__taub0p9,229,47,50,0.01,0.9,0.9,-1,plan_barycenter_common_RNA_PCA_shared_MMD_bandwidth,0.9440398216247559,0.2999247610569,0.3177035059185421,0.034523773825974234,0.02457592964805988,0.02103945364135329,0.8561000109720865,0.6626506024096386,0.5973084886128365,0.5973084886128365,0.09730848861283647,0.5060240963855421,0.10559006211180122,0.8944099378881988,0.3944099378881988,0.43304771099332473,0.0,0.004725138564929609,0.0007374052136288638,0.016901751506764828,0.6476124500984025,0.6332251275102933,2.159826465971814,1.8836758882372278,1.0,0.9781659388646288,True,0.1389951258897781,0.0228362893679274,0.0244634679410049,1.071254070521754
DMAP1 KO,DMAP1_KO,rna_only_pca,rna_only_pca__eps0p001__taua1__taub1,229,46,50,0.001,1.0,1.0,-1,plan_barycenter_common_RNA_PCA_shared_MMD_bandwidth,2.6636619567871094,0.0039168717339634895,0.001470483791677527,0.02563880263894988,0.12387108746286912,0.0006032948844330033,0.004870344620279881,0.9397590361445783,0.9254658385093169,0.9254658385093169,0.42546583850931685,0.25301204819277107,0.08954451345755693,0.910455486542443,0.41045548654244307,0.9999918424396652,0.00436544232070446,0.004367524292320013,0.021594610530883074,0.02186241702730205,0.1605591665792221,0.00018784954053840708,1.2201726257982939,1.0001878671853681,1.0,1.0,True,0.8192567825317383,0.1242471375469645,0.0006436032471821,0.005180024746557
DMAP1 KO,DMAP1_KO,rna_only_pca,rna_only_pca__eps0p001__taua0p95__taub0p95,229,46,50,0.001,0.95,0.95,-1,plan_barycenter_common_RNA_PCA_shared_MMD_bandwidth,2.6636619567871094,0.9233360886573792,0.34664161730608667,0.029099194713443074,0.12431074861835911,0.026713861838694508,0.21489583270636994,0.9397590361445783,0.9254658385093169,0.9254658385093169,0.42546583850931685,0.5662650602409639,0.2598343685300207,0.7401656314699794,0.24016563146997932,0.010674628492662314,0.0,0.0013098618979192015,0.0,0.0020988737507546982,0.1181628591200025,1.2830435465821272e-05,1.1642717635505602,1.0000128305177762,1.0,0.9781659388646288,True,0.0386850982904434,0.1242471375469645,0.0284722361038357,0.2291580849745809
DMAP1 KO,DMAP1_KO,rna_only_pca,rna_only_pca__eps0p001__taua0p9__taub0p9,229,46,50,0.001,0.9,0.9,-1,plan_barycenter_common_RNA_PCA_shared_MMD_bandwidth,2.6636619567871094,0.9514206647872925,0.35718521352269844,0.029073188470002547,0.12431335629165308,0.027932761752664348,0.22469638489311602,0.9397590361445783,0.9254658385093169,0.9254658385093169,0.42546583850931685,0.5903614457831325,0.27795031055900615,0.7220496894409938,0.22204968944099385,0.0008272226778077337,0.0,0.00032499676197299894,0.0,0.0003750103440989346,0.08016296419388898,6.6435579265437065e-06,1.1061338352640138,1.000006643579995,1.0,0.9781659388646288,True,0.0189934503287076,0.1242471375469645,0.0297422488402264,0.2393797509337718
DMAP1 KO,DMAP1_KO,rna_only_pca,rna_only_pca__eps0p003__taua1__taub1,229,46,50,0.003,1.0,1.0,-1,plan_barycenter_common_RNA_PCA_shared_MMD_bandwidth,2.6636619567871094,0.009339804761111736,0.0035063776532579774,0.026405581207524773,0.12411567115280653,0.002111949801872348,0.017015980192156357,0.9397590361445783,0.9254658385093169,0.9254658385093169,0.42546583850931685,0.3253012048192771,0.08385093167701864,0.9161490683229814,0.4161490683229814,0.9999928054886407,0.004365439992398024,0.004366902850219429,0.021371233044192195,0.021785428996056885,0.31428757038179017,0.13117631682111888,1.4682424156285219,1.140168794527854,1.0,1.0,True,0.8264408111572266,0.1242471375469645,0.0023146511048794,0.0186294119170719
DMAP1 KO,DMAP1_KO,rna_only_pca,rna_only_pca__eps0p003__taua0p95__taub0p95,229,46,50,0.003,0.95,0.95,-1,plan_barycenter_common_RNA_PCA_shared_MMD_bandwidth,2.6636617183685303,0.786109209060669,0.2951235149867882,0.028972854963818618,0.12432266640033429,0.02047695630669155,0.16470814936315178,0.9397590361445783,0.9254658385093169,0.9254658385093169,0.42546583850931685,0.5301204819277109,0.15476190476190477,0.8452380952380952,0.34523809523809523,0.16566060354537526,0.0,0.003087547956139628,3.5629529942898644e-34,0.011244139611548734,0.2614195961939418,0.0861539843679906,1.3711346479841835,1.089974154364788,1.0,0.9781659388646288,True,0.1017233505845069,0.1242471484748669,0.0219645545437932,0.1767811560539456
DMAP1 KO,DMAP1_KO,rna_only_pca,rna_only_pca__eps0p003__taua0p9__taub0p9,229,46,50,0.003,0.9,0.9,-1,plan_barycenter_common_RNA_PCA_shared_MMD_bandwidth,2.6636619567871094,0.8976485133171082,0.33699791035039806,0.0297173507280695,0.12422531624426247,0.02853262347376373,0.2296844502907961,0.9397590361445783,0.9254658385093169,0.9254658385093169,0.42546583850931685,0.5783132530120482,0.23757763975155277,0.7624223602484472,0.26242236024844723,0.03980236712433506,0.0,0.0022820817798015164,0.0,0.005125885549585286,0.24487951698129118,0.052321266567467356,1.3532802205102108,1.0537142112888551,1.0,0.9781659388646288,True,0.0555955432355403,0.1242471375469645,0.0309101372408665,0.2487794717136459
DMAP1 KO,DMAP1_KO,rna_only_pca,rna_only_pca__eps0p01__taua1__taub1,229,46,50,0.01,1.0,1.0,-1,plan_barycenter_common_RNA_PCA_shared_MMD_bandwidth,2.6636619567871094,0.010191564448177814,0.0038261478421499134,0.02896671226435923,0.12432318420024258,0.014508789730823812,0.11670220501636333,0.9397590361445783,0.9254658385093169,0.9254658385093169,0.42546583850931685,0.4939759036144578,0.09523809523809522,0.9047619047619048,0.40476190476190477,1.0000017464713225,0.00436668936163187,0.004367152333047052,0.021336749026999287,0.021750582781488698,0.866312187069966,0.8400060646321243,2.73721463259893,2.316381024737269,1.0,1.0,True,0.8491237163543701,0.1242471375469645,0.0179089516821001,0.1441397527192986
DMAP1 KO,DMAP1_KO,rna_only_pca,rna_only_pca__eps0p01__taua0p95__taub0p95,229,46,50,0.01,0.95,0.95,-1,plan_barycenter_common_RNA_PCA_shared_MMD_bandwidth,2.6636619567871094,0.6206721663475037,0.23301461537414986,0.03087336246949339,0.12395079841928192,0.030830342876765116,0.24873049040375617,0.9397590361445783,0.9254658385093169,0.9254658385093169,0.42546583850931685,0.5180722891566265,0.10973084886128363,0.8902691511387164,0.39026915113871635,0.5941470533582345,0.0,0.004164701535427232,6.388155197914301e-12,0.021074265552115955,0.8745281603105066,0.8614816122223178,2.7290566914565075,2.3666645765297294,1.0,0.982532751091703,True,0.2070745229721069,0.1242471375469645,0.037108062892362,0.2986633223508703
DMAP1 KO,DMAP1_KO,rna_only_pca,rna_only_pca__eps0p01__taua0p9__taub0p9,229,46,50,0.01,0.9,0.9,-1,plan_barycenter_common_RNA_PCA_shared_MMD_bandwidth,2.6636619567871094,0.7228960394859314,0.27139180992691864,0.03154298728333703,0.12372805745139248,0.03806050965515384,0.30761421814212353,0.9397590361445783,0.9254658385093169,0.9254658385093169,0.42546583850931685,0.5180722891566265,0.13043478260869562,0.8695652173913044,0.3695652173913044,0.3805397241428694,0.0,0.004164652326319014,1.3912420833331185e-21,0.018693540748505256,0.8398430066215806,0.8773772475693941,2.6180362709576332,2.404584798192636,1.0,0.9781659388646288,True,0.1451322883367538,0.1242471375469645,0.0455915092804299,0.3669421298595044
EZH2 KO,EZH2_KO,rna_only_pca,rna_only_pca__eps0p001__taua1__taub1,229,39,50,0.001,1.0,1.0,-1,plan_barycenter_common_RNA_PCA_shared_MMD_bandwidth,1.7256256341934204,0.0037980019114911556,0.0022009419866241093,0.02910907709844649,0.062310934479362756,0.0005054424316701667,0.008111616940002208,0.8641975308641975,0.9130434782608696,0.9130434782608696,0.4130434782608696,0.2839506172839506,0.13345410628019327,0.8665458937198067,0.3665458937198067,0.9999884675496965,0.004362184030469507,0.004367005145929886,0.025603926032619215,0.026121802162718075,0.13865622952527817,4.4407196944697445e-05,1.1908547658219626,1.000044408182959,1.0,1.0,True,0.8207824230194092,0.0620717808710092,0.0005528452422021,0.0089065471369506
EZH2 KO,EZH2_KO,rna_only_pca,rna_only_pca__eps0p001__taua0p95__taub0p95,229,39,50,0.001,0.95,0.95,-1,plan_barycenter_common_RNA_PCA_shared_MMD_bandwidth,1.7256256341934204,0.6163100600242615,0.35715166013532984,0.03185103366519546,0.06299388662646821,0.019079013052900162,0.30287086691494464,0.8641975308641975,0.9130434782608696,0.9130434782608696,0.4130434782608696,0.5802469135802469,0.1419082125603865,0.8580917874396135,0.3580917874396135,0.011182590940026764,0.0,0.000976167168118991,5.210015601722621e-11,0.0017002159972747059,0.09032244410653488,5.763289718434117e-07,1.1244795160357264,1.000000576329138,1.0,0.9781659388646288,True,0.0386691018939018,0.0620717808710092,0.0206394401573374,0.3325092315335375
EZH2 KO,EZH2_KO,rna_only_pca,rna_only_pca__eps0p001__taua0p9__taub0p9,229,39,50,0.001,0.9,0.9,-1,plan_barycenter_common_RNA_PCA_shared_MMD_bandwidth,1.7256256341934204,0.6320860385894775,0.36629383921091474,0.031816443101706046,0.06298765567727416,0.01997909301852152,0.3171906114570628,0.8641975308641975,0.9130434782608696,0.9130434782608696,0.4130434782608696,0.6049382716049383,0.1606280193236715,0.8393719806763285,0.3393719806763285,0.0007566043694944535,0.0,0.00011825795530202674,1.664629140863302e-19,0.00018174938007960574,0.07768303395166731,1.1743847006046304e-07,1.1034060341495362,1.000000117438477,1.0,0.9781659388646288,True,0.0189942438155412,0.0620717808710092,0.0215884688038534,0.3477984440097864
EZH2 KO,EZH2_KO,rna_only_pca,rna_only_pca__eps0p003__taua1__taub1,229,39,50,0.003,1.0,1.0,-1,plan_barycenter_common_RNA_PCA_shared_MMD_bandwidth,1.7256256341934204,0.0024660606868565083,0.001429082089412271,0.029809402554093246,0.06252351650875276,0.0016347184756041466,0.026145657936167105,0.8641975308641975,0.9130434782608696,0.9130434782608696,0.4130434782608696,0.2962962962962963,0.12198067632850244,0.8780193236714976,0.37801932367149754,0.9999906789686411,0.004364101097337425,0.004366852647816033,0.025604753565176788,0.025949148615471134,0.26692279777470274,0.10501296134002124,1.4005266388019881,1.1107250067468892,1.0,1.0,True,0.8277049660682678,0.0620717808710092,0.0018426993103185,0.0296865867945346
EZH2 KO,EZH2_KO,rna_only_pca,rna_only_pca__eps0p003__taua0p95__taub0p95,229,39,50,0.003,0.95,0.95,-1,plan_barycenter_common_RNA_PCA_shared_MMD_bandwidth,1.7256256341934204,0.4898635745048523,0.2838759258081031,0.03209922911166627,0.06303693078236572,0.01514788537614642,0.2403017594312185,0.8641975308641975,0.9130434782608696,0.9130434782608696,0.4130434782608696,0.5432098765432098,0.14492753623188406,0.855072463768116,0.35507246376811596,0.1721483489976158,0.0,0.003666681765455155,3.2822580809611254e-05,0.013082581596467623,0.22607128396753187,0.018551492364654393,1.322656082441362,1.0187246403597063,1.0,0.9781659388646288,True,0.1010540872812271,0.0620717808710092,0.0167129122857717,0.2692513739939682
EZH2 KO,EZH2_KO,rna_only_pca,rna_only_pca__eps0p003__taua0p9__taub0p9,229,39,50,0.003,0.9,0.9,-1,plan_barycenter_common_RNA_PCA_shared_MMD_bandwidth,1.7256256341934204,0.5914605855941772,0.3427513904953281,0.0325602323742971,0.06310926376340031,0.020811035217383256,0.32976197116488054,0.8641975308641975,0.9130434782608696,0.9130434782608696,0.4130434782608696,0.5802469135802469,0.1316425120772947,0.8683574879227053,0.3683574879227053,0.04182908278431093,0.0,0.0022561145793688524,3.265350880638594e-08,0.005025137440970458,0.21618538848976304,0.022252594665484793,1.3112830000543763,1.022502030411621,1.0,0.9781659388646288,True,0.055510438978672,0.0620717808710092,0.0229919502730874,0.3704090643196907
EZH2 KO,EZH2_KO,rna_only_pca,rna_only_pca__eps0p01__taua1__taub1,229,39,50,0.01,1.0,1.0,-1,plan_barycenter_common_RNA_PCA_shared_MMD_bandwidth,1.7256256341934204,0.0014560476411134005,0.0008437795616046095,0.032405678299718826,0.0630861028666263,0.011470465637186678,0.18182238426483566,0.8641975308641975,0.9130434782608696,0.9130434782608696,0.4130434782608696,0.3333333333333333,0.11352657004830916,0.8864734299516909,0.38647342995169087,1.0000007360994636,0.00436667435433071,0.004367105662822723,0.02549918519987978,0.02577452260933279,0.7379066549611211,0.7142183380744817,2.42402526336224,2.042589443691996,1.0,1.0,True,0.8498491048812866,0.0620717808710092,0.0145985204635882,0.2351877174899373
EZH2 KO,EZH2_KO,rna_only_pca,rna_only_pca__eps0p01__taua0p95__taub0p95,229,39,50,0.01,0.95,0.95,-1,plan_barycenter_common_RNA_PCA_shared_MMD_bandwidth,1.7256256341934204,0.292713463306427,0.16962744265400592,0.033561814242689086,0.06323363544230798,0.01927287347377904,0.3047883193646662,0.8641975308641975,0.9130434782608696,0.9130434782608696,0.4130434782608696,0.43209876543209874,0.11594202898550726,0.8840579710144927,0.38405797101449274,0.6038701435519502,0.0,0.0049994476150725005,0.0032533232424992045,0.02646456980506146,0.6916241576520662,0.6683721297823123,2.302959850382681,1.9510586638257024,1.0,0.9781659388646288,True,0.2032519727945327,0.0620717808710092,0.0236948156439321,0.3817324927920485
EZH2 KO,EZH2_KO,rna_only_pca,rna_only_pca__eps0p01__taua0p9__taub0p9,229,39,50,0.01,0.9,0.9,-1,plan_barycenter_common_RNA_PCA_shared_MMD_bandwidth,1.7256256341934204,0.41931870579719543,0.24299517664107395,0.03417798587001889,0.06328892315482637,0.025325040104320795,0.4001496445494432,0.8641975308641975,0.9130434782608696,0.9130434782608696,0.4130434782608696,0.5185185185185185,0.10628019323671498,0.893719806763285,0.393719806763285,0.3896235877110555,0.0,0.004970711989950023,0.0004635531733073098,0.023657507449970024,0.6734656491787143,0.6917583595851491,2.2451385888556614,1.9972242859814873,1.0,0.9781659388646288,True,0.1436343789100647,0.0620717808710092,0.0309548432601558,0.4986942991773151
EP400 KO,EP400_KO,rna_only_pca,rna_only_pca__eps0p001__taua1__taub1,229,33,50,0.001,1.0,1.0,-1,plan_barycenter_common_RNA_PCA_shared_MMD_bandwidth,2.4272549152374268,0.001680985209532082,0.0006925458051313301,0.024665615342540824,0.10938519976340222,0.0003680923946439707,0.0033651023670491663,0.9240506329113924,0.9710144927536232,0.9710144927536232,0.47101449275362317,0.2911392405063291,0.11159420289855072,0.8884057971014493,0.3884057971014493,0.9999917953176913,0.00436544232070446,0.004367007338146323,0.030186058986701046,0.030563844288621845,0.10735157658594259,2.9933122941656916e-06,1.1435641919932102,1.0000029933167742,1.0,1.0,True,0.826705813407898,0.1106774153698906,0.0003602571595728,0.0032550196295141
EP400 KO,EP400_KO,rna_only_pca,rna_only_pca__eps0p001__taua0p95__taub0p95,229,33,50,0.001,0.95,0.95,-1,plan_barycenter_common_RNA_PCA_shared_MMD_bandwidth,2.4272549152374268,0.9879139065742493,0.407008716048934,0.029310805878850998,0.11104533587563736,0.03959145216547877,0.356534129536231,0.9240506329113924,0.9710144927536232,0.9710144927536232,0.47101449275362317,0.6962025316455697,0.38768115942028986,0.6123188405797102,0.11231884057971014,0.006263713729019935,0.0,0.0007753483951091766,1.265644821287867e-11,0.0015511840787361018,0.059491638197249154,3.249613685780726e-08,1.0772288424908607,1.0000000324961373,1.0,0.9781659388646288,True,0.0388145968317985,0.1106774153698906,0.0411216591991352,0.3715451708165045
EP400 KO,EP400_KO,rna_only_pca,rna_only_pca__eps0p001__taua0p9__taub0p9,229,33,50,0.001,0.9,0.9,-1,plan_barycenter_common_RNA_PCA_shared_MMD_bandwidth,2.4272549152374268,1.0076541900634766,0.4151414767924822,0.02940863783231978,0.11105289414816344,0.0415956789806623,0.3745573611541055,0.9240506329113924,0.9710144927536232,0.9710144927536232,0.47101449275362317,0.7468354430379747,0.39420289855072466,0.6057971014492753,0.10579710144927534,0.00035071064097377455,0.0,0.0001285179314436391,1.5761996374166103e-20,0.00015195510459602694,0.06002733091703952,9.714115804634005e-09,1.0801646641026357,1.000000009714116,1.0,0.9781659388646288,True,0.0189973432570695,0.1106774153698906,0.0432144729079203,0.3904543014805231
EP400 KO,EP400_KO,rna_only_pca,rna_only_pca__eps0p003__taua1__taub1,229,33,50,0.003,1.0,1.0,-1,plan_barycenter_common_RNA_PCA_shared_MMD_bandwidth,2.4272549152374268,0.0030157207511365414,0.001242440887524808,0.02538955078359127,0.10983032090184919,0.0016131688493684626,0.0146878278796079,0.9240506329113924,0.9710144927536232,0.9710144927536232,0.47101449275362317,0.35443037974683544,0.09855072463768116,0.9014492753623189,0.40144927536231884,0.9999924358946366,0.004365439992398024,0.004366881308452964,0.029941568899156116,0.03033206364680871,0.24718057935878596,0.04547630696538211,1.3542821260958926,1.0465262089385106,1.0,1.0,True,0.8333457112312317,0.1106774153698906,0.001621157835966,0.0146475939155974
EP400 KO,EP400_KO,rna_only_pca,rna_only_pca__eps0p003__taua0p95__taub0p95,229,33,50,0.003,0.95,0.95,-1,plan_barycenter_common_RNA_PCA_shared_MMD_bandwidth,2.4272549152374268,0.8845582604408264,0.3644274257672279,0.029565498726328694,0.11106295279417533,0.035024604793263636,0.31535812718910977,0.9240506329113924,0.9710144927536232,0.9710144927536232,0.47101449275362317,0.620253164556962,0.31884057971014496,0.681159420289855,0.18115942028985504,0.12850980797840156,0.0,0.002394018762670216,2.340064048607712e-05,0.01374914124505848,0.2247061810746507,0.022269056958891875,1.3249560218190388,1.0225188632786084,1.0,0.9781659388646288,True,0.1050485521554946,0.1106774153698906,0.0369015120987834,0.3334150149373868
EP400 KO,EP400_KO,rna_only_pca,rna_only_pca__eps0p003__taua0p9__taub0p9,229,33,50,0.003,0.9,0.9,-1,plan_barycenter_common_RNA_PCA_shared_MMD_bandwidth,2.4272549152374268,0.9771794080734253,0.4025862310295664,0.030095359155180263,0.11107856504787739,0.04383418333142419,0.39462324087937817,0.9240506329113924,0.9710144927536232,0.9710144927536232,0.47101449275362317,0.6835443037974683,0.36304347826086963,0.6369565217391304,0.13695652173913037,0.026127711453074357,0.0,0.0015394128648358264,1.305342657271535e-08,0.004765943241606961,0.18374926373023365,0.013754125986788799,1.255776282785851,1.0138491491312593,1.0,0.9781659388646288,True,0.0560613125562667,0.1106774153698906,0.0463761509871804,0.4190209071307682
EP400 KO,EP400_KO,rna_only_pca,rna_only_pca__eps0p01__taua1__taub1,229,33,50,0.01,1.0,1.0,-1,plan_barycenter_common_RNA_PCA_shared_MMD_bandwidth,2.4272549152374268,0.0030414254870265722,0.001253030931334655,0.027815466626822202,0.1108009279031914,0.012353066721490169,0.11148883818268424,0.9240506329113924,0.9710144927536232,0.9710144927536232,0.47101449275362317,0.45569620253164556,0.07971014492753623,0.9202898550724637,0.42028985507246375,1.0000014693740773,0.004366792390245147,0.004367106025688252,0.029926744648506594,0.030342006545200258,0.7198401025766691,0.7360385229296103,2.3651226667114376,2.0876489383902683,1.0,1.0,True,0.8544307947158813,0.1106774153698906,0.0139060109578125,0.1256445220674678
EP400 KO,EP400_KO,rna_only_pca,rna_only_pca__eps0p01__taua0p95__taub0p95,229,33,50,0.01,0.95,0.95,-1,plan_barycenter_common_RNA_PCA_shared_MMD_bandwidth,2.4272549152374268,0.6101264953613281,0.2513648202053996,0.030278099876145256,0.11107753219974448,0.03345023977897654,0.30114316654807255,0.9240506329113924,0.9710144927536232,0.9710144927536232,0.47101449275362317,0.45569620253164556,0.1434782608695652,0.8565217391304348,0.35652173913043483,0.535722653340927,0.0,0.004566326704853232,0.0027042334046733702,0.02933253134080448,0.683745794406234,0.6509833252449223,2.2282062200423187,1.9174253550679166,1.0,0.9781659388646288,True,0.2236257344484329,0.1106774153698906,0.0377134962642189,0.3407515086811356
EP400 KO,EP400_KO,rna_only_pca,rna_only_pca__eps0p01__taua0p9__taub0p9,229,33,50,0.01,0.9,0.9,-1,plan_barycenter_common_RNA_PCA_shared_MMD_bandwidth,2.4272549152374268,0.8063245415687561,0.33219606910957017,0.03171366212284356,0.1109615116518487,0.05054149243423556,0.45548669698024524,0.9240506329113924,0.9710144927536232,0.9710144927536232,0.47101449275362317,0.4936708860759494,0.23188405797101447,0.7681159420289856,0.26811594202898553,0.3170083238305377,0.0,0.003513555766055846,0.0003825714537836606,0.02537401038998257,0.6700939693505102,0.647267587953409,2.2180071052578376,1.9103139264547582,1.0,0.9781659388646288,True,0.1519335806369781,0.1106774153698906,0.0572642092979561,0.5173974212044591
SUZ12 KO,SUZ12_KO,rna_only_pca,rna_only_pca__eps0p001__taua1__taub1,229,28,50,0.001,1.0,1.0,-1,plan_barycenter_common_RNA_PCA_shared_MMD_bandwidth,2.1353371143341064,0.003841961035504937,0.0017992292690997564,0.02441489155883012,0.08426374934863556,0.0003922356964769502,0.004654856916633291,0.8846153846153846,0.8892857142857143,0.8892857142857143,0.38928571428571435,0.34615384615384615,0.12678571428571428,0.8732142857142857,0.3732142857142857,0.9999224498749151,0.004357123747467995,0.0043668190483003855,0.03537595382689092,0.035739099071659085,0.10062345284453966,3.185954334320771e-08,1.1377982495704664,1.000000031859544,1.0,1.0,True,0.8135985136032104,0.0856340705287573,0.0003594905673114,0.0041979852772584
SUZ12 KO,SUZ12_KO,rna_only_pca,rna_only_pca__eps0p001__taua0p95__taub0p95,229,28,50,0.001,0.95,0.95,-1,plan_barycenter_common_RNA_PCA_shared_MMD_bandwidth,2.1353371143341064,1.118554711341858,0.5238305014384922,0.029696416679006868,0.0860013897992129,0.04982916320875974,0.5793995111601764,0.8846153846153846,0.8892857142857143,0.8892857142857143,0.38928571428571435,0.6666666666666666,0.2517857142857143,0.7482142857142857,0.24821428571428572,0.011270755815012105,0.0,0.0008450694149360061,1.0833097173964536e-15,0.0029186058891397916,0.050252674490809696,2.345667461536051e-11,1.0664368292044464,1.0000000000234566,1.0,0.9781659388646288,True,0.0386620983481407,0.0856340705287573,0.0510912208057164,0.5966225883021546
SUZ12 KO,SUZ12_KO,rna_only_pca,rna_only_pca__eps0p001__taua0p9__taub0p9,229,28,50,0.001,0.9,0.9,-1,plan_barycenter_common_RNA_PCA_shared_MMD_bandwidth,2.1353371143341064,1.1481883525848389,0.5377082357990557,0.02976961780095567,0.0860082480216886,0.051738253267215484,0.6015499031461343,0.8846153846153846,0.8892857142857143,0.8892857142857143,0.38928571428571435,0.6025641025641025,0.24196428571428572,0.7580357142857143,0.25803571428571426,0.0007999919938647026,0.0,0.00020307426166255027,2.69197971404975e-29,0.00031148999293049843,0.04683672384820466,2.7062903330905607e-11,1.0617461284432312,1.0000000000270628,1.0,0.9781659388646288,True,0.0189936328679323,0.0856340705287573,0.0531211978616387,0.6203278383666196
SUZ12 KO,SUZ12_KO,rna_only_pca,rna_only_pca__eps0p003__taua1__taub1,229,28,50,0.003,1.0,1.0,-1,plan_barycenter_common_RNA_PCA_shared_MMD_bandwidth,2.1353371143341064,0.004470095504075289,0.002093391003260515,0.024937992266852834,0.08456089429917102,0.0012346004109958786,0.014600134272799216,0.8846153846153846,0.8892857142857143,0.8892857142857143,0.38928571428571435,0.358974358974359,0.12499999999999999,0.875,0.375,0.9999691678301943,0.004362449776503654,0.004366813262008035,0.03530246043974382,0.035738546719849384,0.19014690783615423,0.009447586656056878,1.2719375545779215,1.0094923559791529,1.0,1.0,True,0.819972574710846,0.0856340705287573,0.0011627037393887,0.0135775834572561
SUZ12 KO,SUZ12_KO,rna_only_pca,rna_only_pca__eps0p003__taua0p95__taub0p95,229,28,50,0.003,0.95,0.95,-1,plan_barycenter_common_RNA_PCA_shared_MMD_bandwidth,2.1353371143341064,0.953970730304718,0.44675415600698193,0.029559679466877483,0.0859874946985334,0.03993713515544861,0.46445282881499955,0.8846153846153846,0.8892857142857143,0.8892857142857143,0.38928571428571435,0.6410256410256411,0.20803571428571427,0.7919642857142857,0.29196428571428573,0.16357853726656169,0.0,0.00366531221607147,1.2074109350475103e-06,0.021102660456400177,0.14946054325615515,0.0016004105466467038,1.2103532201947185,1.0016016918870714,1.0,0.9781659388646288,True,0.1017118990421295,0.0856340705287573,0.041153551876677,0.4805745145894584
SUZ12 KO,SUZ12_KO,rna_only_pca,rna_only_pca__eps0p003__taua0p9__taub0p9,229,28,50,0.003,0.9,0.9,-1,plan_barycenter_common_RNA_PCA_shared_MMD_bandwidth,2.1353371143341064,1.0840191841125488,0.5076571642181167,0.030198338734418288,0.08604043660852956,0.05140814882078848,0.5974882374747523,0.8846153846153846,0.8892857142857143,0.8892857142857143,0.38928571428571435,0.6666666666666666,0.21875,0.78125,0.28125,0.04106481143501229,0.0,0.0017047541971439983,2.708273899397942e-11,0.00841731527180628,0.14348645311730876,0.0009066868034205084,1.1957661172131189,1.0009070979681567,1.0,0.9781659388646288,True,0.0555097535252571,0.0856340705287573,0.0533617982075336,0.6231374717801581
SUZ12 KO,SUZ12_KO,rna_only_pca,rna_only_pca__eps0p01__taua1__taub1,229,28,50,0.01,1.0,1.0,-1,plan_barycenter_common_RNA_PCA_shared_MMD_bandwidth,2.1353371143341064,0.0024287092965096235,0.001137389164552129,0.02706894937623018,0.08546700561068554,0.008730032057333692,0.10214505580200434,0.8846153846153846,0.8892857142857143,0.8892857142857143,0.38928571428571435,0.44871794871794873,0.06964285714285715,0.9303571428571429,0.4303571428571429,0.9999941230951598,0.004365950207169015,0.004366819509833464,0.0355135566846125,0.03573948989502018,0.5522486145702957,0.46942186938648095,1.9424731436409943,1.5990694549283224,1.0,1.0,True,0.8407289385795593,0.0856340705287573,0.008930796111483,0.1042902206602914
SUZ12 KO,SUZ12_KO,rna_only_pca,rna_only_pca__eps0p01__taua0p95__taub0p95,229,28,50,0.01,0.95,0.95,-1,plan_barycenter_common_RNA_PCA_shared_MMD_bandwidth,2.1353371143341064,0.626573920249939,0.2934309135751301,0.02981610215595602,0.08601239458016385,0.03174692180733052,0.36909705818900646,0.8846153846153846,0.8892857142857143,0.8892857142857143,0.38928571428571435,0.5512820512820513,0.10357142857142855,0.8964285714285715,0.39642857142857146,0.5725725641016851,0.0,0.005884753772989042,0.0015939880060374043,0.03944678998965131,0.5130547114086411,0.4469123249938543,1.852056826239361,1.5634772154026215,1.0,0.9781659388646288,True,0.2113679945468902,0.0856340705287573,0.0338240643896426,0.3949837276307448
SUZ12 KO,SUZ12_KO,rna_only_pca,rna_only_pca__eps0p01__taua0p9__taub0p9,229,28,50,0.01,0.9,0.9,-1,plan_barycenter_common_RNA_PCA_shared_MMD_bandwidth,2.1353371143341064,0.8466216325759888,0.3964814861750779,0.03117042665265905,0.08606504446134478,0.04820816462682498,0.5601364053030516,0.8846153846153846,0.8892857142857143,0.8892857142857143,0.38928571428571435,0.6794871794871795,0.15535714285714286,0.8446428571428571,0.34464285714285714,0.3662375778415363,0.0,0.005607522558421799,7.25255831206205e-05,0.0364307950034166,0.4909355295524535,0.3530123036377846,1.8288306869728659,1.4233486556921702,1.0,0.9781659388646288,True,0.1455992460250854,0.0856340705287573,0.0517090960023313,0.6038378846532411
SMARCB1 KO,SMARCB1_KO,rna_only_pca,rna_only_pca__eps0p001__taua1__taub1,229,21,50,0.001,1.0,1.0,-1,plan_barycenter_common_RNA_PCA_shared_MMD_bandwidth,2.1834096908569336,0.001782105420716107,0.0008162029454108886,0.02571330705577945,0.09862422358250367,0.0002940655190839525,0.0029816763914795566,0.88,0.8478260869565217,0.8478260869565217,0.34782608695652173,0.24,0.10024154589371982,0.8997584541062802,0.3997584541062802,1.0000603335552978,0.004366743378341344,0.004373776726630574,0.04740107935292878,0.047692702725260806,0.0990014590792173,6.565709797464608e-08,1.1367199014642708,1.0000000656571002,1.0,1.0,True,0.8394144177436829,0.1003970282778916,0.0002912676168707,0.0029011577520451
SMARCB1 KO,SMARCB1_KO,rna_only_pca,rna_only_pca__eps0p001__taua0p95__taub0p95,229,21,50,0.001,0.95,0.95,-1,plan_barycenter_common_RNA_PCA_shared_MMD_bandwidth,2.1834096908569336,0.8929929137229919,0.40899008439067364,0.02862966994159163,0.10082697754710668,0.028575844323598054,0.28341466756996986,0.88,0.8478260869565217,0.8478260869565217,0.34782608695652173,0.6266666666666667,0.2681159420289855,0.7318840579710145,0.23188405797101452,0.004904961309520468,0.0,0.0009210599237121642,4.065510115237093e-06,0.0014708971417536315,0.061230920684812694,1.5632998468203104e-11,1.0803908748258118,1.000000000015633,1.0,0.9781659388646288,True,0.0388531498610973,0.1003970282778916,0.029322768105626,0.2920680881555854
SMARCB1 KO,SMARCB1_KO,rna_only_pca,rna_only_pca__eps0p001__taua0p9__taub0p9,229,21,50,0.001,0.9,0.9,-1,plan_barycenter_common_RNA_PCA_shared_MMD_bandwidth,2.1834096908569336,1.0115512609481812,0.4632897184546124,0.028895447489299175,0.10098361324588478,0.0361792387540768,0.3582684119846658,0.88,0.8478260869565217,0.8478260869565217,0.34782608695652173,0.6666666666666666,0.26811594202898553,0.7318840579710144,0.23188405797101447,0.00022062432660946803,0.0,0.00012050906661897898,7.653498519104449e-10,0.0001335068265813082,0.053835681388324876,4.7573863986793295e-12,1.0716616381245214,1.0000000000047573,1.0,0.9781659388646288,True,0.0189983062446117,0.1003970282778916,0.0372353124010473,0.370880623059706
SMARCB1 KO,SMARCB1_KO,rna_only_pca,rna_only_pca__eps0p003__taua1__taub1,229,21,50,0.003,1.0,1.0,-1,plan_barycenter_common_RNA_PCA_shared_MMD_bandwidth,2.1834096908569336,0.0011622735764831305,0.000532320425868847,0.026413280740280612,0.09923849067511104,0.0010896393061559095,0.010980006837500104,0.88,0.8478260869565217,0.8478260869565217,0.34782608695652173,0.24,0.10265700483091789,0.8973429951690821,0.3973429951690821,1.0000145702667078,0.004366785313831098,0.004368215799331665,0.04750498988036327,0.04768903770497121,0.1910462613759268,0.013241955431231262,1.2686330682225815,1.0133300184023821,1.0,1.0,True,0.8452157974243164,0.1003970282778916,0.0011310373450166,0.0112656456512437
SMARCB1 KO,SMARCB1_KO,rna_only_pca,rna_only_pca__eps0p003__taua0p95__taub0p95,229,21,50,0.003,0.95,0.95,-1,plan_barycenter_common_RNA_PCA_shared_MMD_bandwidth,2.1834096908569336,0.686220645904541,0.31428854089001346,0.028604247848646472,0.10081163403796978,0.018808341743220325,0.18656915863635676,0.88,0.8478260869565217,0.8478260869565217,0.34782608695652173,0.5066666666666667,0.23067632850241548,0.7693236714975845,0.2693236714975845,0.12260171269528533,0.0,0.003471258331832601,0.0013365169018879114,0.013775560424352669,0.130956321986865,0.0013354507733801435,1.1738918693405274,1.0013363428848436,1.0,0.9781659388646288,True,0.1054556667804718,0.1003970282778916,0.0194959024757622,0.1941880433133841
SMARCB1 KO,SMARCB1_KO,rna_only_pca,rna_only_pca__eps0p003__taua0p9__taub0p9,229,21,50,0.003,0.9,0.9,-1,plan_barycenter_common_RNA_PCA_shared_MMD_bandwidth,2.1834096908569336,0.8407793641090393,0.38507631784809676,0.029211646344267136,0.10116111447246967,0.028068460746119128,0.2774629450504697,0.88,0.8478260869565217,0.8478260869565217,0.34782608695652173,0.5466666666666666,0.24637681159420288,0.7536231884057971,0.2536231884057971,0.022318959956709877,0.0,0.002007852541282773,6.734049600529871e-05,0.00445250871398737,0.14004136396853703,0.0018367908768993934,1.1919196746058178,1.0018384788105643,1.0,0.9781659388646288,True,0.0561771988868713,0.1003970282778916,0.029411324644888,0.2929501515072701
SMARCB1 KO,SMARCB1_KO,rna_only_pca,rna_only_pca__eps0p01__taua1__taub1,229,21,50,0.01,1.0,1.0,-1,plan_barycenter_common_RNA_PCA_shared_MMD_bandwidth,2.1834096908569336,0.0007067291298881173,0.00032368141116509555,0.028739733706417664,0.1008926767190973,0.008469105374709907,0.08394172550589935,0.88,0.8478260869565217,0.8478260869565217,0.34782608695652173,0.37333333333333335,0.0507246376811594,0.9492753623188406,0.4492753623188406,1.000008367062722,0.0043668119696458904,0.004368016874650827,0.047548059635199945,0.04767158991684862,0.5412444144341092,0.519128788823306,1.9141053992964168,1.6805628865626154,1.0,1.0,True,0.8639702796936035,0.1003970282778916,0.0095321942407931,0.094944983973118
SMARCB1 KO,SMARCB1_KO,rna_only_pca,rna_only_pca__eps0p01__taua0p95__taub0p95,229,21,50,0.01,0.95,0.95,-1,plan_barycenter_common_RNA_PCA_shared_MMD_bandwidth,2.1834096908569336,0.39096522331237793,0.17906177890001665,0.02979699821527401,0.10146499924892227,0.016906687319594216,0.16662580638390723,0.88,0.8478260869565217,0.8478260869565217,0.34782608695652173,0.41333333333333333,0.08454106280193234,0.9154589371980677,0.41545893719806765,0.5409012084920991,0.0,0.0048734008186111346,0.013392831265951633,0.038423902399483616,0.483757416164943,0.4464192637357036,1.7830985172986478,1.5627065153764812,1.0,0.9781659388646288,True,0.2199347764253616,0.1003970282778916,0.0188422004360847,0.1876768740996089
SMARCB1 KO,SMARCB1_KO,rna_only_pca,rna_only_pca__eps0p01__taua0p9__taub0p9,229,21,50,0.01,0.9,0.9,-1,plan_barycenter_common_RNA_PCA_shared_MMD_bandwidth,2.1834096908569336,0.5845646858215332,0.267730187453783,0.030263038569362445,0.10168471574237659,0.024276515850092717,0.23874301730457217,0.88,0.8478260869565217,0.8478260869565217,0.34782608695652173,0.44,0.09661835748792269,0.9033816425120773,0.4033816425120773,0.31182804234971984,0.0,0.004826780990611574,0.004674542618411717,0.027813066734858838,0.44959574401931535,0.3990540782247321,1.7089452603531907,1.4904142153830011,1.0,0.9781659388646288,True,0.1515713483095169,0.1003970282778916,0.0268234989179988,0.2671742319279945
ACTL6A KO,ACTL6A_KO,rna_only_pca,rna_only_pca__eps0p001__taua1__taub1,229,21,50,0.001,1.0,1.0,-1,plan_barycenter_common_RNA_PCA_shared_MMD_bandwidth,3.4666388034820557,0.01805501990020275,0.0052082206782164435,0.025705536087614334,0.12895280536223475,0.0011680154000737186,0.009057696703787917,0.9466666666666667,0.9227053140096619,0.9227053140096619,0.42270531400966194,0.32,0.0966183574879227,0.9033816425120773,0.4033816425120773,0.999986329064714,0.004364494804456143,0.004369607660919428,0.04724467222953477,0.047678590956678805,0.16955619651089618,0.0008538979545280995,1.240995283215794,1.0008542626291774,1.0,1.0,True,0.9162853956222534,0.1293744483594172,0.001247615249727,0.0096434440150116
ACTL6A KO,ACTL6A_KO,rna_only_pca,rna_only_pca__eps0p001__taua0p95__taub0p95,229,21,50,0.001,0.95,0.95,-1,plan_barycenter_common_RNA_PCA_shared_MMD_bandwidth,3.4666388034820557,2.574786901473999,0.7427329604941136,0.03210839216738714,0.12856624330522487,0.06336530015314557,0.4928611004267434,0.9466666666666667,0.9227053140096619,0.9227053140096619,0.42270531400966194,0.8533333333333334,0.1316425120772947,0.8683574879227053,0.3683574879227053,0.06734424571123149,0.0,0.002028890647476463,0.0,0.011592968809695209,0.08251509481316348,1.9652173221120347e-05,1.1079606663729629,1.0000196523663263,1.0,0.9781659388646288,True,0.0368877127766609,0.1293744483594172,0.0664202826741102,0.513395678330446
ACTL6A KO,ACTL6A_KO,rna_only_pca,rna_only_pca__eps0p001__taua0p9__taub0p9,229,21,50,0.001,0.9,0.9,-1,plan_barycenter_common_RNA_PCA_shared_MMD_bandwidth,3.4666388034820557,2.628837823867798,0.7583246980410157,0.03284010246552721,0.12825183404360202,0.07717174474695743,0.6017203989513413,0.9466666666666667,0.9227053140096619,0.9227053140096619,0.42270531400966194,0.88,0.23550724637681159,0.7644927536231885,0.2644927536231884,0.009906750652020721,0.0,0.0007081299554556608,0.0,0.002465515640274021,0.07212662798904737,6.515970772156048e-06,1.0954454193483651,1.000006515992001,1.0,0.9781659388646288,True,0.018882643431425,0.1293744483594172,0.0810525941261482,0.6264961524780749
ACTL6A KO,ACTL6A_KO,rna_only_pca,rna_only_pca__eps0p003__taua1__taub1,229,21,50,0.003,1.0,1.0,-1,plan_barycenter_common_RNA_PCA_shared_MMD_bandwidth,3.4666388034820557,0.021364282816648483,0.006162823422846703,0.02713701051193566,0.12930413509353245,0.005425930999802819,0.041962548188253686,0.9466666666666667,0.9227053140096619,0.9227053140096619,0.42270531400966194,0.37333333333333335,0.08091787439613525,0.9190821256038647,0.41908212560386476,0.9999957648119306,0.004365439992398024,0.004367123943066411,0.04718184646560608,0.0476462830897889,0.3906920474219983,0.259523213527361,1.621629627305767,1.2963118753336025,1.0,1.0,True,0.9218146204948424,0.1293744483594172,0.0062696317992045,0.0484611287523083
ACTL6A KO,ACTL6A_KO,rna_only_pca,rna_only_pca__eps0p003__taua0p95__taub0p95,229,21,50,0.003,0.95,0.95,-1,plan_barycenter_common_RNA_PCA_shared_MMD_bandwidth,3.4666388034820557,2.442445993423462,0.7045573917219624,0.03132228122701976,0.12885285451557182,0.043416530369297934,0.3369465933255756,0.9466666666666667,0.9227053140096619,0.9227053140096619,0.42270531400966194,0.64,0.10144927536231885,0.8985507246376812,0.39855072463768115,0.3605748308967037,0.0,0.004560606618320113,0.0,0.040434715835650586,0.31473494464601376,0.11284043795871526,1.4843817520704736,1.1194532964440589,1.0,0.9781659388646288,True,0.0830070823431015,0.1293744483594172,0.046664654120232,0.3606945166683315
ACTL6A KO,ACTL6A_KO,rna_only_pca,rna_only_pca__eps0p003__taua0p9__taub0p9,229,21,50,0.003,0.9,0.9,-1,plan_barycenter_common_RNA_PCA_shared_MMD_bandwidth,3.4666388034820557,2.538693904876709,0.7323214354857867,0.032803131324553716,0.12826876937593018,0.06534599498484539,0.509445871374421,0.9466666666666667,0.9227053140096619,0.9227053140096619,0.42270531400966194,0.8266666666666667,0.1038647342995169,0.8961352657004831,0.3961352657004831,0.16428287887222764,0.0,0.003364116106618237,0.0,0.02464816327168246,0.27553388848107324,0.08677750007207798,1.4062705358852485,1.0906539822867518,1.0,0.9781659388646288,True,0.050930380821228,0.1293744483594172,0.0704542095147605,0.544575922125137
ACTL6A KO,ACTL6A_KO,rna_only_pca,rna_only_pca__eps0p01__taua1__taub1,229,21,50,0.01,1.0,1.0,-1,plan_barycenter_common_RNA_PCA_shared_MMD_bandwidth,3.4666388034820557,0.01909894496202469,0.005509355327944984,0.03141226118483933,0.12882286136045895,0.04094709057851631,0.3178557761105954,0.9466666666666667,0.9227053140096619,0.9227053140096619,0.42270531400966194,0.6133333333333333,0.05434782608695652,0.9456521739130435,0.44565217391304346,0.9999986411072141,0.0043665396019938185,0.004367105662822723,0.047230502499405885,0.04764189565964304,1.1839147076541336,1.31892684674451,3.8579314474377298,3.739406267222725,1.0,1.0,True,0.9375866651535034,0.1293744483594172,0.0622584595308359,0.4812268598655179
ACTL6A KO,ACTL6A_KO,rna_only_pca,rna_only_pca__eps0p01__taua0p95__taub0p95,229,21,50,0.01,0.95,0.95,-1,plan_barycenter_common_RNA_PCA_shared_MMD_bandwidth,3.4666388034820557,2.352926254272461,0.6787341824908527,0.034032481412823015,0.12764946230051832,0.07297497398847597,0.5716825803517673,0.9466666666666667,0.9227053140096619,0.9227053140096619,0.42270531400966194,0.68,0.05917874396135263,0.9408212560386474,0.44082125603864736,0.7719493640990097,1.3664470581899676e-27,0.005000756865500722,1.4327821033247282e-25,0.05424076946933261,1.2011249007406426,1.3038646203373478,3.8489630758380686,3.683504542482538,1.0,1.0,True,0.1472078114748001,0.1293744483594172,0.1007435792998908,0.7786976530327959
ACTL6A KO,ACTL6A_KO,rna_only_pca,rna_only_pca__eps0p01__taua0p9__taub0p9,229,21,50,0.01,0.9,0.9,-1,plan_barycenter_common_RNA_PCA_shared_MMD_bandwidth,3.4666388034820557,2.389976978302002,0.6894219772482199,0.0354656141298766,0.12679358615008107,0.09009642231038961,0.7105755507517997,0.9466666666666667,0.9227053140096619,0.9227053140096619,0.42270531400966194,0.72,0.0507246376811594,0.9492753623188406,0.4492753623188406,0.6355944432475702,0.0,0.0054914133116690245,0.0,0.05704303929766086,1.1531241533319498,1.226661479618989,3.6691394603288536,3.4098267365852912,1.0,0.9781659388646288,True,0.1116175577044487,0.1293744483594172,0.122179645910443,0.9443877632700224
SMARCA4 KO,SMARCA4_KO,rna_only_pca,rna_only_pca__eps0p001__taua1__taub1,229,13,50,0.001,1.0,1.0,-1,plan_barycenter_common_RNA_PCA_shared_MMD_bandwidth,1.749069094657898,0.0017687808722257614,0.0010112698678560316,0.02904006710215715,0.08183221245138916,0.00018377732322127915,0.002245782164700099,0.8904109589041096,0.894927536231884,0.894927536231884,0.39492753623188404,0.273972602739726,0.13949275362318841,0.8605072463768115,0.3605072463768116,0.9999949889668798,0.00436544232070446,0.004367003722770192,0.07681481533154794,0.07725786628052578,0.0663603950757039,9.336775809481916e-09,1.0894503584968034,1.0000000093367758,1.0,1.0,True,0.8703020215034485,0.081461828053038,0.0001989026432753,0.0024416668276321
SMARCA4 KO,SMARCA4_KO,rna_only_pca,rna_only_pca__eps0p001__taua0p95__taub0p95,229,13,50,0.001,0.95,0.95,-1,plan_barycenter_common_RNA_PCA_shared_MMD_bandwidth,1.749069094657898,0.655080258846283,0.37453080661425253,0.031390684726500626,0.0841546236593671,0.020881467405683862,0.24813214649032042,0.8904109589041096,0.894927536231884,0.894927536231884,0.39492753623188404,0.4246575342465753,0.1141304347826087,0.8858695652173914,0.3858695652173913,0.006465242844285247,0.0,0.0012626219557468259,4.610130286267085e-06,0.0018898472619230855,0.0480617245321119,1.226075754955407e-10,1.063301508614428,1.0000000001226075,1.0,0.9781659388646288,True,0.0388021506369113,0.081461828053038,0.0236018657500733,0.2897291444860128
SMARCA4 KO,SMARCA4_KO,rna_only_pca,rna_only_pca__eps0p001__taua0p9__taub0p9,229,13,50,0.001,0.9,0.9,-1,plan_barycenter_common_RNA_PCA_shared_MMD_bandwidth,1.749069094657898,0.6408037543296814,0.36636846210756285,0.0308785790390105,0.08367892270029198,0.018395159335696798,0.2198302600235628,0.8904109589041096,0.894927536231884,0.894927536231884,0.39492753623188404,0.4246575342465753,0.1141304347826087,0.8858695652173914,0.3858695652173913,0.000339602170519749,0.0,0.00016575165528235166,1.594044353048254e-09,0.00017033683905613923,0.044066122975092534,2.0625196872488214e-10,1.0565030172922063,1.000000000206252,1.0,0.9781659388646288,True,0.018997298553586,0.081461828053038,0.0206254976625486,0.2531921779255899
SMARCA4 KO,SMARCA4_KO,rna_only_pca,rna_only_pca__eps0p003__taua1__taub1,229,13,50,0.003,1.0,1.0,-1,plan_barycenter_common_RNA_PCA_shared_MMD_bandwidth,1.749069094657898,0.0016648931195959449,0.0009518738423090043,0.02997027251834185,0.08279438555322594,0.0010321055846920224,0.012465888571979482,0.8904109589041096,0.894927536231884,0.894927536231884,0.39492753623188404,0.3013698630136986,0.11594202898550725,0.8840579710144928,0.38405797101449274,0.9999928458549969,0.004365439992398024,0.004366928986129302,0.07678942608168601,0.07722368592787163,0.16390651850778173,0.007925871497989841,1.229266074149413,1.0079573643653141,1.0,1.0,True,0.875199019908905,0.081461828053038,0.0012352228324469,0.0151632103276972
SMARCA4 KO,SMARCA4_KO,rna_only_pca,rna_only_pca__eps0p003__taua0p95__taub0p95,229,13,50,0.003,0.95,0.95,-1,plan_barycenter_common_RNA_PCA_shared_MMD_bandwidth,1.749069094657898,0.47821781039237976,0.27341276102412343,0.031785859455336476,0.08451071653730935,0.01368828539491218,0.16197100149859867,0.8904109589041096,0.894927536231884,0.894927536231884,0.39492753623188404,0.3150684931506849,0.10507246376811594,0.894927536231884,0.39492753623188404,0.13110223852898914,0.0,0.0040919561872791894,0.002190882691296266,0.02094008750135343,0.16000284043375299,0.0027668843363191815,1.2218482922304896,1.0027707156936103,1.0,0.9781659388646288,True,0.1044843196868896,0.081461828053038,0.0158062909349626,0.1940330988481075
SMARCA4 KO,SMARCA4_KO,rna_only_pca,rna_only_pca__eps0p003__taua0p9__taub0p9,229,13,50,0.003,0.9,0.9,-1,plan_barycenter_common_RNA_PCA_shared_MMD_bandwidth,1.749069094657898,0.6292478442192078,0.35976157039255385,0.032201013436341325,0.0848747333963068,0.02198269026122135,0.2590015824683332,0.8904109589041096,0.894927536231884,0.894927536231884,0.39492753623188404,0.4383561643835616,0.10688405797101448,0.8931159420289855,0.39311594202898553,0.0265601432654308,0.0,0.0024747799734349905,8.454213560108614e-05,0.0061244812265035965,0.13979587335348834,0.002307913420559182,1.1903168641003845,1.0023105787027566,1.0,0.9781659388646288,True,0.0559920705854892,0.081461828053038,0.0255261014044781,0.3133504613701856
SMARCA4 KO,SMARCA4_KO,rna_only_pca,rna_only_pca__eps0p01__taua1__taub1,229,13,50,0.01,1.0,1.0,-1,plan_barycenter_common_RNA_PCA_shared_MMD_bandwidth,1.749069094657898,0.0017236103303730488,0.0009854443918981778,0.03270250483643194,0.08530098772374484,0.008751567196669474,0.10259631723154528,0.8904109589041096,0.894927536231884,0.894927536231884,0.39492753623188404,0.4520547945205479,0.08876811594202898,0.9112318840579711,0.411231884057971,1.0000026417829169,0.00436679928273953,0.004367701927890266,0.07680635395249713,0.07718542479796116,0.4945792768718005,0.4775530345563514,1.800779738901076,1.612124758268215,1.0,1.0,True,0.8908607959747314,0.081461828053038,0.0116661612088904,0.1432101572934851
SMARCA4 KO,SMARCA4_KO,rna_only_pca,rna_only_pca__eps0p01__taua0p95__taub0p95,229,13,50,0.01,0.95,0.95,-1,plan_barycenter_common_RNA_PCA_shared_MMD_bandwidth,1.749069094657898,0.20195020735263824,0.11546153777997997,0.03381187865670801,0.08619337440832342,0.014895320432231851,0.17281282389140873,0.8904109589041096,0.894927536231884,0.894927536231884,0.39492753623188404,0.4383561643835616,0.06884057971014496,0.931159420289855,0.43115942028985504,0.5513679912358579,0.0,0.005240220343654054,0.02632470751592952,0.05785444722033945,0.49999379169039804,0.5020976311274705,1.809563253411322,1.652183309528847,1.0,0.9781659388646288,True,0.2143255174160003,0.081461828053038,0.0200885216264143,0.2466004275442381
SMARCA4 KO,SMARCA4_KO,rna_only_pca,rna_only_pca__eps0p01__taua0p9__taub0p9,229,13,50,0.01,0.9,0.9,-1,plan_barycenter_common_RNA_PCA_shared_MMD_bandwidth,1.749069094657898,0.34491315484046936,0.19719813007611986,0.03431348128940274,0.08657482890913093,0.02045198811657123,0.23623480836488475,0.8904109589041096,0.894927536231884,0.894927536231884,0.39492753623188404,0.4794520547945205,0.047101449275362306,0.9528985507246377,0.4528985507246377,0.3232794372387627,0.0,0.005510762641198615,0.00949603856468722,0.04304504433020639,0.49156719283274297,0.43107062224660053,1.80114993815811,1.538904226993125,1.0,0.9781659388646288,True,0.1490116268396377,0.081461828053038,0.0273981047914156,0.3363305912258362
