,n_genes_by_counts,log1p_n_genes_by_counts,total_counts,log1p_total_counts,pct_counts_in_top_50_genes,pct_counts_in_top_100_genes,pct_counts_in_top_200_genes,pct_counts_in_top_500_genes,total_counts_mito,log1p_total_counts_mito,pct_counts_mito,n_guides,called,n_fragment,frac_dup,frac_mito,tsse,guide_target,annot,batch,mixscape_class,mixscape_class_global,mixscape_class_p_ko,original_obs_name,condition_global,condition,target_label,target_label_safe,method_name,run_name,split
ACTAATCCAAACATAG-1,2671,7.890582534656536,5337.0,8.582606,22.728124414465057,28.948847667228776,37.136968334270186,52.14540003747423,629.0,6.4457197,11.785647,1.0,True,4900,0.21887454168659337,0.0,15.239096163951656,SMARCA4,T cell,ENCSR923FKN,SMARCA4 KO,KO,0.8733142090029937,ACTAATCCAAACATAG-1,SMARCA4 KO,perturbed,SMARCA4 KO,SMARCA4_KO,rna_only_pca,rna_only_pca__eps0p001__taua1__taub1,test
ATCATCAAGACAACGA-1,4822,8.481151420068972,16083.0,9.68558,24.236771746564695,29.91357333830753,37.65466641795685,51.17204501647703,2070.0,7.635787,12.870733,1.0,True,40696,0.23290356631229736,0.0,10.12039783632874,SMARCA4,T cell,ENCSR923FKN,SMARCA4 KO,KO,0.5885841431812091,ATCATCAAGACAACGA-1,SMARCA4 KO,perturbed,SMARCA4 KO,SMARCA4_KO,rna_only_pca,rna_only_pca__eps0p001__taua1__taub1,test
CCTGTATGTATACTGG-1,1235,7.119635638017636,2131.0,7.664816,31.722196152041292,38.80807132801502,48.193336461755045,65.5091506335054,290.0,5.673323,13.608635,1.0,True,19362,0.22570583060065585,0.0,14.750733137829911,SMARCA4,T cell,ENCSR923FKN,SMARCA4 KO,KO,0.99723813627726,CCTGTATGTATACTGG-1,SMARCA4 KO,perturbed,SMARCA4 KO,SMARCA4_KO,rna_only_pca,rna_only_pca__eps0p001__taua1__taub1,test
CTATTGAAGTTGTCAA-1,2699,7.90100705199242,5913.0,8.685078,25.942837814983932,31.878910874344662,39.96279384407238,55.01437510569931,861.0,6.7592554,14.561136,1.0,True,21417,0.2318424733689609,0.0,11.743575573362806,SMARCA4,T cell,ENCSR923FKN,SMARCA4 KO,KO,0.5961050499233596,CTATTGAAGTTGTCAA-1,SMARCA4 KO,perturbed,SMARCA4 KO,SMARCA4_KO,rna_only_pca,rna_only_pca__eps0p001__taua1__taub1,test
CTCCTGAGTAGGATTT-1,2498,7.823645930834952,5591.0,8.629092,27.186549812198173,33.33929529601144,41.745662672151674,57.27061348595958,786.0,6.668228,14.058309,1.0,True,16077,0.214760183647553,0.0,14.174532207319091,SMARCA4,T cell,ENCSR923FKN,SMARCA4 KO,KO,0.8935252796821993,CTCCTGAGTAGGATTT-1,SMARCA4 KO,perturbed,SMARCA4 KO,SMARCA4_KO,rna_only_pca,rna_only_pca__eps0p001__taua1__taub1,test
CTTGTCCAGTTCCCGT-1,2704,7.902857191280582,5116.0,8.540323,19.996090695856136,25.175918686473807,33.189992181391716,48.65129007036747,582.0,6.3681874,11.376075,1.0,True,17670,0.22103685417034036,0.0,16.458423093494183,SMARCA4,T cell,ENCSR923FKN,SMARCA4 KO,KO,0.9054545912960655,CTTGTCCAGTTCCCGT-1,SMARCA4 KO,perturbed,SMARCA4 KO,SMARCA4_KO,rna_only_pca,rna_only_pca__eps0p001__taua1__taub1,test
GACCTTTGTAGCTAAT-1,3657,8.204671828950811,9034.0,9.108861,23.300863404914768,28.97941111357095,36.572946646003984,50.92982067744079,952.0,6.859615,10.537968,1.0,True,7130,0.22314229679668773,0.0,12.587412587412585,SMARCA4,T cell,ENCSR923FKN,SMARCA4 KO,KO,0.9328666463400802,GACCTTTGTAGCTAAT-1,SMARCA4 KO,perturbed,SMARCA4 KO,SMARCA4_KO,rna_only_pca,rna_only_pca__eps0p001__taua1__taub1,test
GATTCCTGTGGGTACT-1,3834,8.251924713801357,12234.0,9.412056,27.546182769331374,33.85646558770639,41.997711296387116,56.408370116069975,1522.0,7.3284373,12.440739,1.0,True,27599,0.23210261261511922,0.0,13.361066927688729,SMARCA4,T cell,ENCSR923FKN,SMARCA4 KO,KO,0.5877677318777682,GATTCCTGTGGGTACT-1,SMARCA4 KO,perturbed,SMARCA4 KO,SMARCA4_KO,rna_only_pca,rna_only_pca__eps0p001__taua1__taub1,test
GCATGAGCAATAGTCT-1,2006,7.604396348796338,3810.0,8.245646,28.03149606299213,33.62204724409449,41.88976377952756,58.3989501312336,742.0,6.610696,19.475065,1.0,True,24887,0.23195383143536097,0.0,11.66953180301345,SMARCA4,T cell,ENCSR923FKN,SMARCA4 KO,KO,0.9541862426916624,GCATGAGCAATAGTCT-1,SMARCA4 KO,perturbed,SMARCA4 KO,SMARCA4_KO,rna_only_pca,rna_only_pca__eps0p001__taua1__taub1,test
TAGTGGCGTAGCAGCT-1,2309,7.745002803515839,4842.0,8.48529,24.411400247831473,31.412639405204462,40.76827757125155,57.18711276332095,601.0,6.4002576,12.412226,1.0,True,20067,0.22946665130745303,0.0,13.0550497268525,SMARCA4,T cell,ENCSR923FKN,SMARCA4 KO,KO,0.516817364512581,TAGTGGCGTAGCAGCT-1,SMARCA4 KO,perturbed,SMARCA4 KO,SMARCA4_KO,rna_only_pca,rna_only_pca__eps0p001__taua1__taub1,test
TGAAGGATCTTTAGGA-1,2500,7.824445930877618,5329.0,8.581106,28.185400638018386,33.7023831863389,41.71514355413773,56.20191405516982,904.0,6.8079348,16.963783,1.0,True,15921,0.21621621621621623,0.0,12.33201581027668,SMARCA4,T cell,ENCSR923FKN,SMARCA4 KO,KO,0.9415829413891827,TGAAGGATCTTTAGGA-1,SMARCA4 KO,perturbed,SMARCA4 KO,SMARCA4_KO,rna_only_pca,rna_only_pca__eps0p001__taua1__taub1,test
TGCTTGCTCAGCACCA-1,1833,7.51425465281641,3593.0,8.187021,27.581408293904815,34.288895073754524,43.30642916782633,61.480656832730304,586.0,6.375025,16.30949,1.0,True,1042,0.22412509307520478,0.0,24.62121212121212,SMARCA4,T cell,ENCSR923FKN,SMARCA4 KO,KO,0.7468015955394612,TGCTTGCTCAGCACCA-1,SMARCA4 KO,perturbed,SMARCA4 KO,SMARCA4_KO,rna_only_pca,rna_only_pca__eps0p001__taua1__taub1,test
TGTGCAAGTTATCCTA-1,2443,7.8013913202914855,5253.0,8.566745,26.21359223300971,32.43860651056539,40.89091947458595,56.462973538930136,675.0,6.516193,12.8498,1.0,True,3346,0.21877188886294652,0.0,14.37632135306554,SMARCA4,T cell,ENCSR923FKN,SMARCA4 KO,KO,0.9510445614980307,TGTGCAAGTTATCCTA-1,SMARCA4 KO,perturbed,SMARCA4 KO,SMARCA4_KO,rna_only_pca,rna_only_pca__eps0p001__taua1__taub1,test
